AK,01/01/2018,67,83,83,,,s/w c/o knickerbocke,schaefer st,0,,,0,0
AK,01/02/2015,21,94,94,,,s 8 st,,01/05/0001 12:00:00 PM,0800,0930,0,0
AK,01/02/2016,21,34,0,,,broadway,,0,0730,0800,0,0
AK,01/02/2016,40,83,83,,,de sales pl,,0,,,0,0
AK,01/02/2016,40,90,90,,,driggs ave,,0,,,0,7
AK,01/02/2018,40,60,60,,,ne c/o w brighton av,w 5 st,0,,,0,0
AK,01/02/2019,38,52,52,,,bedford park blvd,,0,0800,1000,0,0
AK,01/02/2020,21,40,0,,,e 153 st,,0,0800,0930,0,0
AK,01/02/2020,7,0,0,,,sb ocean pkwy @ 18,ave,0,,,2010,0
AK,01/02/2023,36,0,0,,,wb goethals rd n @ j,ules dr,0,,,2020,0
AK,01/03/2015,20,9,9,,,e 7 st,,01/05/0001 12:00:00 PM,,,0,0
AK,01/03/2015,20,9,9,,,e 7 st,,01/05/0001 12:00:00 PM,,,0,0
AK,01/03/2015,37,63,63,1218P,1218,nostrand ave,,,0900,0700,0,0
AK,01/03/2015,37,63,63,1218P,1218,nostrand ave,,,0900,0700,0,0
AK,01/03/2016,7,0,0,,,beach channel dr (w/,b) @ b 140 st,0,,,2003,0
AK,01/03/2017,20,20,20,,,w 69 st,,0,,,0,0
AK,01/03/2017,21,60,60,,,neptune ave,,0,0730,0800,0,0
AK,01/03/2017,46,114,114,,,31 st,,0,,,0,0
AK,01/03/2018,40,61,61,,,east 3,,0,,,0,0
AK,01/03/2019,21,77,0,,,lincoln pl,,0,0930,1100,0,0
AK,01/03/2020,21,23,23,,,2 ave,,0,1000,1130,0,0
AK,01/03/2020,36,0,0,,,wb goethals rd n @ j,ules dr,0,,,2007,0
AK,01/03/2020,38,106,106,,,liberty ave,,0,0900,0700,0,0
AK,01/03/2022,38,24,24,,,broadway,,0,0830,1000,0,0
AK,01/04/2017,14,14,14,,,9 ave,,0,,,0,0
AK,01/04/2017,31,18,,,,west 46 st,,0,0700,0600,0,0
AK,01/04/2017,36,0,0,,,sb nostrand ave @ av,e z,0,,,2015,0
AK,01/04/2017,47,17,17,,,e 30 st,,0,0700,0700,0,0
AK,01/04/2019,21,40,40,,,courtlandt ave,,0,0900,1030,0,0
AK,01/04/2020,21,103,,,,hillside ave,,0,0730,0800,0,0
AK,01/04/2022,14,110,110,,,73 st,,0,0700,0400,0,0
AK,01/04/2022,36,0,0,,,nb 4 ave @ 88 st,,0,,,2009,0
AK,01/05/2015,21,100,100,,,beach 97 st,,01/05/0001 12:00:00 PM,0830,1000,0,0
AK,01/05/2015,21,100,100,,,beach 97 st,,01/05/0001 12:00:00 PM,0830,1000,0,0
AK,01/05/2016,40,72,72,,,54 st,,0,,,0,2
AK,01/05/2016,46,72,72,,,4 a,,0,,,0,0
AK,01/05/2017,14,108,108,,,vernon blvd,15ft s/of 45 ave,0,,,0,0
AK,01/05/2017,21,60,0,,,neptune ave,,0,0730,0800,0,0
AK,01/05/2017,36,0,0,,,wb beach channel dr,@ beach 104 st,0,,,1998,0
AK,01/05/2017,40,111,111,,,209 st,,0,,,0,0
AK,01/05/2017,7,0,0,,,horace harding expwy,(e/b) @ 173 st,0,,,2006,0
AK,01/05/2021,36,0,0,,,sb west st @ leroy s,t,0,,,2017,0
AK,01/05/2023,21,13,0,00000,0000,east 32 s,,0,0600,0630,0,0
AK,01/05/2023,21,90,90,,,grand st,,0,0900,1030,0,0
AK,01/05/2023,21,94,94,,,newel st,,0,0930,1100,0,0
AK,01/06/2015,14,10,10,,,w 30 st,60ft e/of 12 ave,01/05/0001 12:00:00 PM,,,0,0
AK,01/06/2015,14,10,10,,,w 30 st,60ft e/of 12 ave,01/05/0001 12:00:00 PM,,,0,0
AK,01/06/2015,21,115,115,,,57 ave,,01/05/0001 12:00:00 PM,0800,1000,0,0
AK,01/06/2015,21,115,115,,,57 ave,,01/05/0001 12:00:00 PM,0800,1000,0,0
AK,01/06/2015,66,10,10,,,w 30 st,60ft e/of 12 ave,01/05/0001 12:00:00 PM,,,0,0
AK,01/06/2015,66,10,10,,,w 30 st,60ft e/of 12 ave,01/05/0001 12:00:00 PM,,,0,0
AK,01/06/2016,38,30,30,,,broadway,,0,0800,0700,0,0
AK,01/06/2016,40,1,1,,,washington st,,0,,,0,6
AK,01/06/2016,46,84,84,0150P,0150,court st,,201601,,,0,0
AK,01/06/2017,14,49,49,,,lydig ave,5ft e/of haight ave,0,,,0,0
AK,01/06/2020,14,90,90,,,grand st,,0,,,0,0
AK,01/06/2020,36,0,0,,,nb vanderblt av. gat,es av- dekalb av,0,,,2004,0
AK,01/06/2021,19,34,34,,,amsterdam ave,,0,,,0,0
AK,01/06/2021,40,40,40,,,e 138 st,,0,,,0,3
AK,01/06/2021,40,49,49,0159A,0159,wallace,pelham pkwy north,202101,,,2019,0
AK,01/06/2023,46,49,49,,,bronx park east,,0,,,0,0
AK,01/07/2015,9,17,17,,,e 34 st,5 ave,01/05/0001 12:00:00 PM,,,0,0
AK,01/07/2015,9,17,17,,,e 34 st,5 ave,01/05/0001 12:00:00 PM,,,0,0
AK,01/07/2016,14,19,19,,,e 61 st,,0,0700,1100,0,0
AK,01/07/2016,17,104,104,,,stanhope st,,0,0700,0700,0,0
AK,01/07/2016,21,40,0,,,e 149 st,,0,0800,0830,0,0
AK,01/07/2016,21,70,0,,,e 23 st,,0,0830,1000,0,0
AK,01/07/2016,36,0,0,,,nb castle hill ave @,glover st,0,,,2014,0
AK,01/07/2016,77,47,47,,,e 233 st,,0,,,0,0
AK,01/07/2016,84,19,19,,,e 61 st,,0,,,0,0
AK,01/07/2017,21,62,62,,,new utrecht ave,,0,0630,0700,0,0
AK,01/07/2017,38,102,102,,,101 ave,,0,0830,0700,0,0
AK,01/07/2019,16,78,78,,,bergen st,85ft w/of 3 ave,0,0700,0400,0,0
AK,01/07/2019,20,25,25,,,lexington ave,,0,0800,0600,0,0
AK,01/07/2019,7,0,0,,,86 st (e/b) @ 7,ave,0,,,2009,0
AK,01/07/2020,31,1,1,,,spring st,,0,0800,0600,0,0
AK,01/07/2020,36,0,0,,,wb union tpke @ wood,haven blvd,0,,,2010,0
AK,01/07/2020,40,9,9,,,cooper square,,0,,,0,3
AK,01/07/2021,7,0,0,,,sb richmond rd @ nar,rows rd n,0,,,2018,0
AK,01/07/2022,14,10,10,,,w 39 st,,0,0800,1000,0,0
AK,01/07/2022,36,0,0,,,nb cropsey ave @ har,t pl,0,,,2016,0
AK,01/07/2023,21,62,62,,,new utrecht ave,,0,0700,0730,0,0
AK,01/07/2023,36,0,0,,,nb bedford ave @ gat,es ave,0,,,2016,0
AK,01/08/2015,21,46,46,,,lorillard pl,,01/05/0001 12:00:00 PM,1130,0100,0,0
AK,01/08/2015,21,46,46,,,lorillard pl,,01/05/0001 12:00:00 PM,1130,0100,0,0
AK,01/08/2015,38,103,103,,,jamaica ave,,01/05/0001 12:00:00 PM,0900,0700,0,0
AK,01/08/2015,38,103,103,,,jamaica ave,,01/05/0001 12:00:00 PM,0900,0700,0,0
AK,01/08/2015,38,84,84,,,atlantic ave,,01/05/0001 12:00:00 PM,0730,0700,0,0
AK,01/08/2016,20,75,75,,,geneva loop,,0,,,0,0
AK,01/08/2016,21,104,104,,,linden st,,0,0830,1000,0,0
AK,01/08/2016,21,47,47,,,e 230 st,80ft w/of paulding a,0,0930,1100,0,0
AK,01/08/2016,21,68,0,,,9 ave,,0,0800,0830,0,0
AK,01/08/2016,21,70,70,,,e 17 st,,0,1130,0100,0,0
AK,01/08/2016,40,44,44,,,jesup ave,,0,,,0,0
AK,01/08/2020,20,13,13,,,w 16 st,,0,,,0,0
AK,01/08/2020,38,62,62,,,86 st,,0,0900,0700,0,0
AK,01/08/2021,16,103,103,,,guy r brewer blvd,,0,,,0,0
AK,01/08/2021,21,48,48,,,e 180 st,100ft e/of prospect,0,1130,0100,0,0
AK,01/08/2021,31,1,1,,,water st,,0,0800,0600,0,0
AK,01/08/2022,40,104,104,,,68 rd,,0,,,0,0
AK,01/08/2022,98,83,83,,,aberdeen s,,0,,,0,0
AK,01/09/2015,14,18,18,,,w 56 st,55ft w/of 9 ave,01/05/0001 12:00:00 PM,0800,0930,0,0
AK,01/09/2015,14,18,18,,,w 56 st,55ft w/of 9 ave,01/05/0001 12:00:00 PM,0800,0930,0,0
AK,01/09/2015,21,94,94,,,n 9 st,,01/05/0001 12:00:00 PM,1200,0300,0,0
AK,01/09/2015,21,94,94,,,n 9 st,,01/05/0001 12:00:00 PM,1200,0300,0,0
AK,01/09/2015,38,47,47,,,e gun hill rd,,01/05/0001 12:00:00 PM,0800,0700,0,0
AK,01/09/2015,38,47,47,,,e gun hill rd,,01/05/0001 12:00:00 PM,0800,0700,0,0
AK,01/09/2015,40,114,114,,,21 ave,20ft e/of 33 st,01/05/0001 12:00:00 PM,,,0,3
AK,01/09/2015,40,114,114,,,21 ave,20ft e/of 33 st,01/05/0001 12:00:00 PM,,,0,3
AK,01/09/2015,98,0,114,,,35 st,,01/05/0001 12:00:00 PM,,,0,0
AK,01/09/2015,98,0,114,,,35 st,,01/05/0001 12:00:00 PM,,,0,0
AK,01/09/2017,20,28,28,,,w 128 st,,0,0800,0600,0,0
AK,01/09/2017,37,20,20,0104P,0104,w 69 st,,201701,0900,0700,0,0
AK,01/09/2017,38,102,102,,,101 ave,,0,0830,0700,0,0
AK,01/09/2018,21,6,0,,,king st,,0,0900,1030,0,0
AK,01/09/2018,38,106,106,,,liberty ave,,0,0900,0700,0,0
AK,01/09/2018,40,115,115,,,89 st,,0,,,0,9
AK,01/09/2019,20,90,90,,,meserole st,,0,0800,0600,0,0
AK,01/09/2019,21,52,52,,,w 195 st,,0,1130,0100,0,0
AK,01/09/2020,19,114,114,,,steinway st,,0,,,0,0
AK,01/09/2020,21,40,40,,,e 153 st,,0,0800,0930,0,0
AK,01/09/2020,40,30,30,,,hamilton ter,,0,,,0,8
AK,01/09/2021,21,34,34,,,w 184 st,,0,0830,0900,0,0
AK,01/09/2021,21,62,0,,,86 st,,0,0730,0800,0,0
AK,01/09/2021,38,1,1,,,pearl st,20ft s/of wall st,0,1000,1000,0,0
AK,01/09/2021,74,1,1,,,pearl st,20ft s/of wall st,0,,,0,0
AK,01/09/2022,40,103,103,,,93 ave,,0,,,0,0
AK,01/09/2023,21,109,109,,,union st,,0,1100,1230,0,0
AK,01/09/2023,36,0,0,,,sb morningstar rd @,lasalle st,0,,,2012,0
AK,01/09/2023,37,52,52,1052A,1052,valentine ave,,202301,0830,0700,0,0
AK,01/10/2015,14,105,105,,,c/o 219 st,merrick blvd,01/05/0001 12:00:00 PM,,,0,0
AK,01/10/2015,14,105,105,,,c/o 219 st,merrick blvd,01/05/0001 12:00:00 PM,,,0,0
AK,01/10/2015,21,115,115,,,37 ave,,01/05/0001 12:00:00 PM,0730,0800,0,0
AK,01/10/2015,21,115,115,,,37 ave,,01/05/0001 12:00:00 PM,0730,0800,0,0
AK,01/10/2015,40,43,,,,wheeler ave,,01/05/0001 12:00:00 PM,,,0,0
AK,01/10/2015,40,43,,,,wheeler ave,,01/05/0001 12:00:00 PM,,,0,0
AK,01/10/2015,40,47,47,,,e 237 st,60ft w/of bryant ave,01/05/0001 12:00:00 PM,,,0,0
AK,01/10/2015,40,47,47,,,e 237 st,60ft w/of bryant ave,01/05/0001 12:00:00 PM,,,0,0
AK,01/10/2017,37,20,20,0416P,0416,amsterdam ave,,201701,0100,1000,0,0
AK,01/10/2019,20,90,90,,,grand st,,0,,,0,0
AK,01/10/2019,21,114,114,,,33 st,,0,0830,1000,0,0
AK,01/10/2019,21,75,0,,,sheridan a,,0,0800,0930,0,0
AK,01/10/2019,21,79,0,,,herkimer s,,0,0800,0930,0,0
AK,01/10/2019,31,14,14,,,w 35 st,,0,0600,0600,0,0
AK,01/10/2020,21,61,61,,,e 2 st,,0,1130,0100,0,0
AK,01/10/2020,36,0,0,,,wb union tpke @ 259t,h st,0,,,2016,0
AK,01/10/2020,38,25,25,,,e 116 st,,0,0830,0700,0,0
AK,01/10/2022,36,0,0,,,sb marcus garvey blv,d @ park ave,0,,,2016,0
AK,01/10/2022,36,0,0,,,wb e 135 st @ alex,ander ave,0,,,2017,0
AK,01/10/2023,21,114,114,,,27 st,,0,0830,1000,0,0
AK,01/10/2023,21,48,48,,,arthur ave,,0,1130,0100,0,0
AK,01/10/2023,21,90,90,,,grand st,,0,0900,1030,0,0
AK,01/11/2015,40,20,20,,,west 8 s,,01/05/0001 12:00:00 PM,,,0,1
AK,01/11/2015,40,20,20,,,west 8 s,,01/05/0001 12:00:00 PM,,,0,1
AK,01/11/2016,21,75,75,,,barbey st,3ft s/of wortman ave,0,0930,0100,0,0
AK,01/11/2016,27,106,106,,,liberty ave,,0,,,2009,0
AK,01/11/2016,37,83,83,0131P,0131,knickerbocker ave,,201601,0800,0700,0,0
AK,01/11/2016,38,70,70,,,coney island ave,,0,0800,0700,0,0
AK,01/11/2016,40,104,104,,,gates ave,,0,,,0,5
AK,01/11/2016,50,61,61,,,e 6 st,0ft n/of a z,0,,,0,0
AK,01/11/2017,21,90,90,,,leonard st,,0,0830,1000,0,0
AK,01/11/2017,36,0,0,,,nb flatbush ave @ av,e m,0,,,2008,0
AK,01/11/2017,40,48,48,,,decatur ave,,0,,,0,8
AK,01/11/2017,40,48,48,,,decatur ave,,0,,,0,8
AK,01/11/2017,7,0,0,,,seagirt blvd (w/b) @,beach 9 st,0,,,2011,0
AK,01/11/2019,17,19,19,,,e 68 st,,0,0700,0400,0,0
AK,01/11/2019,20,111,111,,,cloverdale blvd,,0,0900,1100,0,0
AK,01/11/2019,21,67,67,,,martense st,,0,0830,1000,0,0
AK,01/11/2019,21,71,0,,,brooklyn ave,,0,1100,1230,0,0
AK,01/11/2019,21,79,79,,,clifton pl,,0,1100,1230,0,0
AK,01/11/2019,21,79,79,,,clifton pl,,0,1100,1230,0,0
AK,01/11/2022,40,114,114,,,41 st,,0,,,0,0
AK,01/11/2023,36,0,0,,,nb bay pkwy @ e 2,st,0,,,2018,0
AK,01/12/2015,20,66,66,,,52 st,,01/05/0001 12:00:00 PM,0700,0400,0,0
AK,01/12/2015,20,66,66,,,52 st,,01/05/0001 12:00:00 PM,0700,0400,0,0
AK,01/12/2015,21,114,114,,,31 st,,01/05/0001 12:00:00 PM,0830,1000,0,0
AK,01/12/2015,21,114,114,,,31 st,,01/05/0001 12:00:00 PM,0830,1000,0,0
AK,01/12/2015,21,94,94,,,n 9 st,,01/05/0001 12:00:00 PM,0800,0930,0,0
AK,01/12/2015,21,94,94,,,n 9 st,,01/05/0001 12:00:00 PM,0800,0930,0,0
AK,01/12/2015,24,23,23,,,e 109 st,90ft w/of 2 ave,01/05/0001 12:00:00 PM,0700,0400,0,0
AK,01/12/2015,24,23,23,,,e 109 st,90ft w/of 2 ave,01/05/0001 12:00:00 PM,0700,0400,0,0
AK,01/12/2015,38,48,48,,,e tremont ave,,01/05/0001 12:00:00 PM,0800,0700,0,0
AK,01/12/2015,38,48,48,,,e tremont ave,,01/05/0001 12:00:00 PM,0800,0700,0,0
AK,01/12/2016,21,30,30,,,w 153 st,,0,0900,1030,0,0
AK,01/12/2016,40,71,71,,,empire blvd,,0,,,0,0
AK,01/12/2016,69,13,13,,,e 20 st,,0,0800,0700,0,0
AK,01/12/2016,84,13,13,,,e 20 st,,0,,,0,0
AK,01/12/2017,21,102,102,,,127 st,,0,1200,0130,0,0
AK,01/12/2017,21,26,26,,,st nicholas ave,,0,0930,1109,0,0
AK,01/12/2017,21,66,0,,,50 st,,0,0830,1000,0,0
AK,01/12/2017,31,18,18,,,broadway,,0,0700,0600,0,0
AK,01/12/2017,36,0,0,,,eb union tpke @ 210t,h st,0,,,1995,0
AK,01/12/2019,19,24,24,,,amsterdam ave,,0,,,0,0
AK,01/12/2019,20,114,114,,,main ave,,0,0700,0700,0,0
AK,01/12/2019,20,70,70,,,martense st,,0,,,0,0
AK,01/12/2019,37,114,114,1236P,1236,broadway,,0,0800,0700,0,0
AK,01/12/2021,19,106,106,,,lefferts blvd,,0,,,0,0
AK,01/12/2021,31,13,13,,,w 27 st,,0,0800,0600,0,0
AK,01/12/2021,37,115,115,0215A,0215,junction blvd,,202101,0800,0700,0,0
AK,01/12/2021,40,42,42,,,franklin a,,0,,,0,0
AK,01/12/2022,19,71,71,,,lefferts ave,30ft w/of schenectad,0,,,0,0
AK,01/12/2022,36,0,0,,,wb e 135 st @ alex,ander ave,0,,,2017,0
AK,01/12/2022,40,114,114,,,41 st,,0,,,0,4
AK,01/12/2023,20,102,102,,,108 st,30ft s/of jamaica av,0,0800,0600,0,0
AK,01/12/2023,31,10,10,,,w 28 st,,0,0800,0700,0,0
AK,01/12/2023,5,0,0,,,nb rogers ave @ eras,mus st,0,,,2010,0
AK,01/13/2015,50,40,40,,,elton ave,0ft w/of e 160 st,01/05/0001 12:00:00 PM,,,0,0
AK,01/13/2015,50,40,40,,,elton ave,0ft w/of e 160 st,01/05/0001 12:00:00 PM,,,0,0
AK,01/13/2015,51,107,107,,,goethals ave,,01/05/0001 12:00:00 PM,,,0,0
AK,01/13/2015,51,107,107,,,goethals ave,,01/05/0001 12:00:00 PM,,,0,0
AK,01/13/2016,13,19,19,,,e 89 st,,0,0800,0600,0,0
AK,01/13/2016,38,67,67,,,a d,,0,0830,0700,0,0
AK,01/13/2017,21,26,26,,,e 116 st,,0,0930,1100,0,0
AK,01/13/2017,21,79,79,,,madison st,,0,1100,1230,0,0
AK,01/13/2019,40,102,102,,,94 st,,0,,,0,0
AK,01/13/2020,21,114,114,,,30 ave,,0,0730,0800,0,0
AK,01/13/2021,21,69,0,,,rockaway parkway,,0,0730,0800,0,0
AK,01/13/2022,21,90,0,00000,0000,kingsland a,,0,1130,0100,0,0
AK,01/13/2023,40,78,78,,,3 st,,0,,,0,0
AK,01/13/2023,46,19,19,,,3 a,,0,,,2016,0
AK,01/13/2023,5,0,0,,,nb rogers ave @ eras,mus st,0,,,2010,0
AK,01/14/2015,21,70,0,,,ave h,,01/05/0001 12:00:00 PM,0830,1000,0,0
AK,01/14/2015,21,70,0,,,ave h,,01/05/0001 12:00:00 PM,0830,1000,0,0
AK,01/14/2016,19,115,115,,,woodside ave,,0,,,0,0
AK,01/14/2016,21,70,70,,,e 23 st,15ft n/of a m,0,0830,1000,0,0
AK,01/14/2016,21,90,90,,,meserole st,,0,0930,1100,0,0
AK,01/14/2016,46,23,23,,,3 ave,,0,,,0,0
AK,01/14/2018,53,18,,,,broadway ave,,0,,,0,0
AK,01/14/2019,21,70,70,,,e 23 st,,0,1130,0100,0,0
AK,01/14/2019,21,78,78,,,5 st,,0,1130,0100,0,0
AK,01/14/2019,40,44,44,,,townsend ave,,0,,,0,0
AK,01/14/2020,14,18,18,,,e 56 st,,0,,,0,0
AK,01/14/2020,14,25,25,,,e 118 st,,0,0700,0600,0,0
AK,01/14/2020,21,68,68,,,95 st,,0,0930,1100,0,0
AK,01/14/2020,21,70,70,,,martense st,,0,0830,1000,0,0
AK,01/14/2020,21,71,0,,,troy ave,,0,1200,0130,0,0
AK,01/14/2022,36,0,0,,,wb union tpke @ 259t,h st,0,,,2020,0
AK,01/15/2015,14,103,103,,,161 st,,01/05/0001 12:00:00 PM,,,0,0
AK,01/15/2015,14,103,103,,,161 st,,01/05/0001 12:00:00 PM,,,0,0
AK,01/15/2015,21,13,13,,,e 19 st,,01/05/0001 12:00:00 PM,0930,1100,0,0
AK,01/15/2015,21,13,13,,,e 19 st,,01/05/0001 12:00:00 PM,0930,1100,0,0
AK,01/15/2016,16,6,6,1200P,1200,w 4 st,,201601,0800,0600,0,0
AK,01/15/2016,21,44,44,,,monroe ave,,0,0830,1000,0,0
AK,01/15/2017,40,20,20,,,central park west,60ft n/of w 76 st,0,,,0,1
AK,01/15/2017,40,30,30,,,w 149 st,,0,,,0,8
AK,01/15/2018,13,6,6,,,university pl,,0,,,0,0
AK,01/15/2019,21,114,114,,,37 st,,0,0830,1000,0,0
AK,01/15/2019,21,60,0,,,neptune ave,,0,0730,0800,0,0
AK,01/15/2019,21,67,67,,,e 91 st,,0,1100,1230,0,0
AK,01/15/2019,40,50,50,,,claflin ave,,0,,,0,0
AK,01/15/2020,19,45,45,,,city island ave,,0,,,0,0
AK,01/15/2020,21,66,0,,,35 st,,0,0830,1000,0,0
AK,01/15/2020,21,70,70,,,ocean pky,,0,1130,0100,0,0
AK,01/15/2021,21,41,41,,,westchester ave,,0,0800,0830,0,0
AK,01/15/2021,21,71,0,,,fenimore s,,0,0930,1100,0,0
AK,01/15/2021,40,114,114,,,9 st,,0,,,0,2
AK,01/15/2021,40,48,48,,,belmont ave,,0,,,0,0
AK,01/15/2022,14,71,71,,,eastern pkwy,,0,,,2012,0
AK,01/15/2022,20,114,114,,,41 st,,0,,,0,0
AK,01/15/2022,40,71,71,,,eastern pkwy,,0,,,2012,4
AK,01/15/2023,36,0,0,,,sb woodhaven blvd @,81 ave,0,,,2009,0
AK,01/16/2015,14,103,103,,,161 st,,01/05/0001 12:00:00 PM,,,0,0
AK,01/16/2015,14,103,103,,,161 st,,01/05/0001 12:00:00 PM,,,0,0
AK,01/16/2015,21,112,112,,,113 st,10ft s/of 75 ave,01/05/0001 12:00:00 PM,0830,1000,0,0
AK,01/16/2015,21,112,112,,,113 st,10ft s/of 75 ave,01/05/0001 12:00:00 PM,0830,1000,0,0
AK,01/16/2015,21,43,43,,,harrod ave,,01/05/0001 12:00:00 PM,0930,1100,0,0
AK,01/16/2015,21,43,43,,,harrod ave,,01/05/0001 12:00:00 PM,0930,1100,0,0
AK,01/16/2015,21,70,70,,,21 ave,,01/05/0001 12:00:00 PM,1130,0100,0,0
AK,01/16/2015,21,70,70,,,21 ave,,01/05/0001 12:00:00 PM,1130,0100,0,0
AK,01/16/2015,21,9,9,,,1 ave,,01/05/0001 12:00:00 PM,0830,0900,0,0
AK,01/16/2015,21,9,9,,,1 ave,,01/05/0001 12:00:00 PM,0830,0900,0,0
AK,01/16/2015,38,66,66,,,16 ave,,01/05/0001 12:00:00 PM,0900,0500,0,0
AK,01/16/2015,38,66,66,,,16 ave,,01/05/0001 12:00:00 PM,0900,0500,0,0
AK,01/16/2016,38,1,1,,,pearl st,,0,1000,1000,0,0
AK,01/16/2017,16,9,9,,,e 4 st,,0,0700,0700,0,0
AK,01/16/2017,18,25,25,,,2 ave,,0,,,0,0
AK,01/16/2018,21,108,108,,,44 st,,0,0900,1030,0,0
AK,01/16/2018,37,108,108,0214P,0214,38 st,40ft s/of queens blv,201801,0800,0700,0,0
AK,01/16/2020,14,114,114,,,30 ave,20ft w/of 57 st,0,,,0,0
AK,01/16/2020,21,23,23,,,e 110 st,,0,0930,1100,0,0
AK,01/16/2020,21,67,67,,,martense st,,0,0830,1000,0,0
AK,01/16/2021,37,1,1,0859A,0859,water st,,0,1000,1000,0,0
AK,01/16/2021,40,20,20,,,w 79 st,,0,,,0,6
AK,01/16/2021,40,42,42,,,franklin ave,,0,,,0,2
AK,01/16/2022,19,73,73,,,ralph ave,,0,,,0,0
AK,01/16/2022,5,0,0,,,eb w 181 st @ wads,worth ave,0,,,2017,0
AK,01/16/2022,7,0,0,,,narrows rd s (e/b) @,hylan blvd,0,,,2013,0
AK,01/17/2015,38,10,10,,,10 ave,,01/05/0001 12:00:00 PM,0900,0400,0,0
AK,01/17/2015,38,10,10,,,10 ave,,01/05/0001 12:00:00 PM,0900,0400,0,0
AK,01/17/2015,38,114,114,,,crescent st,30ft s/of broadway,01/05/0001 12:00:00 PM,0900,0700,0,0
AK,01/17/2015,38,114,114,,,crescent st,30ft s/of broadway,01/05/0001 12:00:00 PM,0900,0700,0,0
AK,01/17/2015,40,102,102,,,88 st,,01/05/0001 12:00:00 PM,,,0,5
AK,01/17/2015,40,102,102,,,88 st,,01/05/0001 12:00:00 PM,,,0,5
AK,01/17/2015,40,109,109,,,33 ave,,01/05/0001 12:00:00 PM,,,0,7
AK,01/17/2015,40,109,109,,,33 ave,,01/05/0001 12:00:00 PM,,,0,7
AK,01/17/2017,21,109,109,,,58 ave,20ft w/of lawrence s,0,1100,1230,0,0
AK,01/17/2017,21,50,50,,,tibbett ave,,0,0930,1100,0,0
AK,01/17/2017,21,7,7,,,delancey st,60ft w/of ridge st,0,0900,1030,0,0
AK,01/17/2017,21,78,78,,,prospect park west,,0,0900,1030,0,0
AK,01/17/2017,31,14,14,,,w 39 st,,0,0600,0700,0,0
AK,01/17/2017,7,0,0,,,victory blvd (e/b) @,morani st,0,,,2010,0
AK,01/17/2017,74,109,109,,,58 ave,20ft w/of lawrence s,0,,,0,0
AK,01/17/2019,38,1,1,,,christopher st,,0,0830,1000,0,0
AK,01/17/2019,40,50,50,,,claflin ave,,0,,,0,0
AK,01/17/2019,47,,,,,e 29 st,,0,,,2010,0
AK,01/17/2023,20,73,73,,,rockaway ave,15ft s/of herkimer s,0,0800,0700,0,0
AK,01/17/2023,21,114,114,,,27 st,,0,0830,1000,0,0
AK,01/18/2016,16,19,19,,,lexington ave,,0,0700,1000,0,0
AK,01/18/2017,16,24,24,,,broadway,,0,0700,0400,0,0
AK,01/18/2019,20,111,111,,,enfield pl,,0,0900,1100,0,0
AK,01/18/2022,40,113,113,0330A,0330,bedell s,,202201,,,2007,1
AK,01/18/2022,40,114,114,,,41 st,,0,,,0,0
AK,01/18/2023,38,77,77,,,vanderbilt ave,,0,0900,0700,0,0
AK,01/18/2023,40,68,68,,,3 ave,,0,,,0,0
AK,01/19/2015,14,70,70,,,ocean ave,,01/05/0001 12:00:00 PM,0700,1000,0,0
AK,01/19/2015,20,83,83,,,madison st,10ft w/of central av,01/05/0001 12:00:00 PM,,,0,0
AK,01/19/2015,20,83,83,,,madison st,10ft w/of central av,01/05/0001 12:00:00 PM,,,0,0
AK,01/19/2015,38,18,18,,,broadway,,01/05/0001 12:00:00 PM,0700,0600,0,0
AK,01/19/2015,38,18,18,,,broadway,,01/05/0001 12:00:00 PM,0700,0600,0,0
AK,01/19/2015,38,26,26,,,w 114 st,,01/05/0001 12:00:00 PM,0800,1000,0,0
AK,01/19/2015,38,26,26,,,w 114 st,,01/05/0001 12:00:00 PM,0800,1000,0,0
AK,01/19/2015,38,7,7,,,orchard st,,01/05/0001 12:00:00 PM,0900,0700,0,0
AK,01/19/2015,38,7,7,,,orchard st,,01/05/0001 12:00:00 PM,0900,0700,0,0
AK,01/19/2015,53,90,90,,,hewes st,,01/05/0001 12:00:00 PM,,,0,0
AK,01/19/2015,53,90,90,,,hewes st,,01/05/0001 12:00:00 PM,,,0,0
AK,01/19/2016,14,123,123,,,arthur kill rd,,0,,,0,0
AK,01/19/2016,21,23,23,,,e 100 st,,0,0930,1100,0,0
AK,01/19/2016,36,0,0,,,eb atlantic ave @ es,sex st,0,,,2004,0
AK,01/19/2016,38,103,103,,,163 st,,0,0900,0700,0,0
AK,01/19/2017,21,67,67,,,clarkson ave,,0,0830,1000,0,0
AK,01/19/2017,21,81,81,,,chauncey st,,0,0900,1030,0,0
AK,01/19/2017,37,108,108,1226P,1226,sunnyside lot,,201701,0800,1000,0,0
AK,01/19/2018,14,9,9,,,e 13 st,,0,0700,0700,0,0
AK,01/19/2018,37,61,61,1018A,1018,e 3 st,,0,0900,0700,0,0
AK,01/19/2018,40,84,84,,,warren st,,0,,,0,6
AK,01/19/2019,7,0,0,,,northern blvd (w/b),@ douglaston pkwy,0,,,2017,0
AK,01/19/2021,21,114,114,,,34 ave,15ft e/of vernon blv,0,1130,0100,0,0
AK,01/19/2021,21,61,61,,,e 7 st,,0,0830,1000,0,0
AK,01/19/2021,36,0,0,,,nb 21 st @ 33 rd,,0,,,2015,0
AK,01/19/2021,40,42,42,,,franklin ave,,0,,,0,0
AK,01/19/2021,46,18,,,,10 ave,,0,,,0,0
AK,01/19/2023,38,90,90,,,graham ave,,0,0800,0700,0,0
AK,01/20/2015,21,103,103,,,168 pl,,01/05/0001 12:00:00 PM,1130,0100,0,0
AK,01/20/2015,21,103,103,,,168 pl,,01/05/0001 12:00:00 PM,1130,0100,0,0
AK,01/20/2015,21,61,61,,,e 18 st,,01/05/0001 12:00:00 PM,0830,1000,0,0
AK,01/20/2015,21,61,61,,,e 18 st,,01/05/0001 12:00:00 PM,0830,1000,0,0
AK,01/20/2015,21,72,0,,,36 st,,01/05/0001 12:00:00 PM,0930,1100,0,0
AK,01/20/2015,21,72,0,,,36 st,,01/05/0001 12:00:00 PM,0930,1100,0,0
AK,01/20/2015,21,94,94,,,n 9 st,,01/05/0001 12:00:00 PM,1200,0300,0,0
AK,01/20/2015,21,94,94,,,n 9 st,,01/05/0001 12:00:00 PM,1200,0300,0,0
AK,01/20/2016,38,79,79,,,fulton st,,0,0900,0700,0,0
AK,01/20/2017,14,1,1,,,1 pl,20ft e/of battery pl,0,0700,0400,0,0
AK,01/20/2017,21,30,30,,,st nicholas ave,,0,0930,1100,0,0
AK,01/20/2018,31,18,18,,,w 46 st,,0,0700,0600,0,0
AK,01/20/2021,31,10,10,,,9 ave,,0,0700,0700,0,0
AK,01/20/2021,40,42,42,,,e 168 st,,0,,,0,2
AK,01/20/2022,36,0,0,,,eb merrick blvd @ 24,2 st,0,,,2010,0
AK,01/20/2022,36,0,0,,,wb e 135 st @ alex,ander ave,0,,,2017,0
AK,01/20/2022,40,114,114,,,41 st,,0,,,0,0
AK,01/20/2023,38,9,9,,,e 10 st,,0,0900,0700,0,0
AK,01/21/2015,14,70,70,,,flatbush ave,,01/05/0001 12:00:00 PM,0700,1000,0,0
AK,01/21/2015,14,70,70,,,flatbush ave,,01/05/0001 12:00:00 PM,0700,1000,0,0
AK,01/21/2015,19,19,19,,,lexington ave,,01/05/0001 12:00:00 PM,,,0,0
AK,01/21/2015,19,34,34,,,broadway,,01/05/0001 12:00:00 PM,,,0,0
AK,01/21/2015,19,34,34,,,broadway,,01/05/0001 12:00:00 PM,,,0,0
AK,01/21/2015,31,14,14,,,7 ave,,01/05/0001 12:00:00 PM,0600,0700,0,0
AK,01/21/2015,31,14,14,,,7 ave,,01/05/0001 12:00:00 PM,0600,0700,0,0
AK,01/21/2015,38,1,1,,,front st,,01/05/0001 12:00:00 PM,0900,1000,0,0
AK,01/21/2015,38,1,1,,,front st,,01/05/0001 12:00:00 PM,0900,1000,0,0
AK,01/21/2015,38,49,49,,,lydig ave,,01/05/0001 12:00:00 PM,0900,0700,0,0
AK,01/21/2015,38,49,49,,,lydig ave,,01/05/0001 12:00:00 PM,0900,0700,0,0
AK,01/21/2015,38,72,72,,,5 ave,,01/05/0001 12:00:00 PM,0830,0700,0,0
AK,01/21/2015,38,72,72,,,5 ave,,01/05/0001 12:00:00 PM,0830,0700,0,0
AK,01/21/2015,40,114,114,,,steinway st,,01/05/0001 12:00:00 PM,,,0,5
AK,01/21/2015,40,114,114,,,steinway st,,01/05/0001 12:00:00 PM,,,0,5
AK,01/21/2015,40,83,83,,,aberdeen,,01/05/0001 12:00:00 PM,,,0,7
AK,01/21/2017,21,103,103,,,liberty ave,,0,0300,0600,0,0
AK,01/21/2017,21,52,52,,,bedford park blvd,50ft w/of paul ave,0,0800,0900,0,0
AK,01/21/2017,38,84,84,,,atlantic ave,,0,0730,0700,0,0
AK,01/21/2018,40,83,83,,,decatur st,,0,,,0,2
AK,01/21/2019,31,18,18,,,w 48 st,,0,0700,0700,0,0
AK,01/21/2019,98,104,109,,,menahan,,0,,,0,0
AK,01/21/2020,36,0,0,,,sb howard ave @ e ne,w york ave,0,,,2010,0
AK,01/21/2020,38,106,106,,,liberty ave,,0,0900,0700,0,0
AK,01/21/2021,14,79,79,,,hancock st,,0,0700,0400,0,0
AK,01/21/2021,16,66,66,,,caton pl,,0,0700,0700,0,0
AK,01/21/2021,21,48,48,,,mapes ave,,0,1130,0100,0,0
AK,01/21/2021,21,63,,,,e 134 st,,0,0830,1000,0,0
AK,01/21/2021,40,1,1,,,water st,20ft s/of wall st,0,,,0,0
AK,01/21/2021,46,52,52,,,andrews ave,,0,,,2007,0
AK,01/21/2021,5,0,0,,,nb webster ave @ e 1,88 st,0,,,2015,0
AK,01/21/2022,21,90,0,00000,0000,porter a,,0,1200,0300,0,0
AK,01/21/2022,36,0,0,,,nb 12 ave @ 23 s,t,0,,,2017,0
AK,01/21/2022,36,0,0,,,wb narrows rd n @ cl,ove rd,0,,,2016,0
AK,01/21/2022,37,52,52,1055A,1055,jerome ave,,0,0800,0700,0,0
AK,01/21/2022,7,0,0,,,woodhaven blvd (s/b),@ jamaica ave,0,,,2013,0
AK,01/21/2023,16,88,88,,,steuben st,,0,0600,0300,0,0
AK,01/22/2015,21,46,0,,,loring place so,,01/05/0001 12:00:00 PM,1130,0100,0,0
AK,01/22/2015,21,88,88,,,vanderbilt ave,,01/05/0001 12:00:00 PM,1130,0100,0,0
AK,01/22/2015,21,88,88,,,vanderbilt ave,,01/05/0001 12:00:00 PM,1130,0100,0,0
AK,01/22/2015,40,114,114,,,steinway st,,01/05/0001 12:00:00 PM,,,0,5
AK,01/22/2015,40,114,114,,,steinway st,,01/05/0001 12:00:00 PM,,,0,5
AK,01/22/2015,68,23,23,,,e 108 st,,01/05/0001 12:00:00 PM,,,0,0
AK,01/22/2015,68,23,23,,,e 108 st,,01/05/0001 12:00:00 PM,,,0,0
AK,01/22/2016,20,13,13,,,w 26 st,,0,,,0,0
AK,01/22/2016,21,46,46,,,monroe ave,,0,0830,1000,0,0
AK,01/22/2016,38,122,122,,,seaview ave,,0,0800,0800,0,0
AK,01/22/2017,40,70,70,,,coney island ave,,0,,,0,5
AK,01/22/2018,21,60,60,,,ocean pky,,0,0930,1100,0,0
AK,01/22/2018,51,88,88,,,ashland pl,,0,,,0,0
AK,01/22/2019,20,115,115,,,86 st,40ft n/of 23 ave,0,,,0,0
AK,01/22/2019,21,40,40,,,courtlandt ave,,0,0900,1030,0,0
AK,01/22/2019,21,71,0,,,parkside ave,,0,0730,0800,0,0
AK,01/22/2019,36,0,0,,,eb horace harding ex,pressway @ peck ave,0,,,2006,0
AK,01/22/2020,21,66,66,,,35 st,,0,0830,1000,0,0
AK,01/22/2020,38,106,106,,,120 st,5ft n/of liberty ave,0,0900,0700,0,0
AK,01/22/2021,21,61,61,,,e 21 st,,0,,,2013,0
AK,01/22/2021,21,72,72,,,ocean pky,,0,1130,0100,0,0
AK,01/22/2021,21,90,90,,,grand st,,0,0900,1030,0,0
AK,01/22/2021,31,13,13,,,e 25 st,,0,0800,0700,0,0
AK,01/22/2021,31,14,14,,,w 39 st,,0,0600,0600,0,0
AK,01/22/2021,31,14,14,,,w 39 st,,0,0600,0600,0,0
AK,01/22/2021,31,14,14,,,w 39 st,15ft e/of 8 ave,0,0600,0600,0,0
AK,01/22/2021,31,17,17,,,e 39 st,,0,0700,0600,0,0
AK,01/22/2021,36,0,0,,,nb 21 st @ 33 rd,,0,,,2015,0
AK,01/22/2021,74,14,14,,,w 39 st,,0,,,0,0
AK,01/23/2015,21,112,112,,,113 st,,01/05/0001 12:00:00 PM,0830,1000,0,0
AK,01/23/2015,21,112,112,,,113 st,,01/05/0001 12:00:00 PM,0830,1000,0,0
AK,01/23/2015,21,94,94,,,mcguinness blvd,20ft s/of engert ave,01/05/0001 12:00:00 PM,1130,0100,0,0
AK,01/23/2015,21,94,94,,,mcguinness blvd,20ft s/of engert ave,01/05/0001 12:00:00 PM,1130,0100,0,0
AK,01/23/2015,37,26,26,1255P,1255,broadway,,,1000,1000,0,0
AK,01/23/2015,37,26,26,1255P,1255,broadway,,,1000,1000,0,0
AK,01/23/2017,14,84,84,,,hoyt st,,0,0400,0700,0,0
AK,01/23/2017,21,68,68,,,3 ave,,0,0800,0830,0,0
AK,01/23/2017,21,90,90,,,dekalb ave,,0,1100,1230,0,0
AK,01/23/2017,38,84,84,,,hoyt st,,0,0900,0400,0,0
AK,01/23/2017,40,107,107,,,mayfield rd,,0,,,0,0
AK,01/23/2017,40,79,79,,,greene ave,,0,,,0,5
AK,01/23/2019,37,108,108,0825A,0825,queens plaza south,,0,0900,0700,0,0
AK,01/23/2019,7,0,0,,,atlantic ave (e/b) @,bedford ave,0,,,2007,0
AK,01/23/2020,38,106,106,,,cross bay blvd,,0,0900,0700,0,0
AK,01/23/2023,36,0,0,,,wb w 96 st @ amste,rdam ave,0,,,2012,0
AK,01/24/2015,20,113,113,,,133 ave,,01/05/0001 12:00:00 PM,,,0,0
AK,01/24/2015,20,113,113,,,133 ave,,01/05/0001 12:00:00 PM,,,0,0
AK,01/24/2015,37,114,114,0204P,0204,30 ave,,01/05/0001 12:00:00 PM,0900,0700,0,0
AK,01/24/2015,7,0,0,,,queens blvd (w/b) @,broadway,01/05/0001 12:00:00 PM,,,2010,0
AK,01/24/2015,85,108,108,1000P,1000,38 st,,,,,0,0
AK,01/24/2015,85,108,108,1000P,1000,38 st,,,,,0,0
AK,01/24/2017,16,1,1,,,franklin st,,0,0700,0700,0,0
AK,01/24/2017,20,75,75,,,shepherd ave,,0,0800,0600,0,0
AK,01/24/2017,21,88,88,,,clermont ave,,0,1130,0100,0,0
AK,01/24/2019,21,109,109,,,33 ave,35ft w/of union st,0,0900,1030,0,0
AK,01/24/2020,14,102,102,,,82 ave,5ft s/of queens blvd,0,,,0,0
AK,01/24/2020,38,68,68,,,4 ave,15ft n/of 85 st,0,0830,0700,0,0
AK,01/24/2021,53,23,23,,,e 112 st,65ft e/of 5 ave,0,,,0,0
AK,01/24/2022,36,0,0,,,wb e 135 st @ alex,ander ave,0,,,2017,0
AK,01/24/2022,40,68,68,,,80 s,,0,,,2015,0
AK,01/24/2022,40,9,9,,,e 4 st,,0,,,0,3
AK,01/24/2023,17,25,25,,,e 120 st,,0,0700,0400,0,0
AK,01/24/2023,21,107,107,,,grand central pky,,0,0830,1000,0,0
AK,01/24/2023,36,0,0,,,nb 12 ave @ 23 s,t,0,,,2017,0
AK,01/25/2015,40,102,102,,,106 st,,01/05/0001 12:00:00 PM,,,0,5
AK,01/25/2015,40,102,102,,,106 st,,01/05/0001 12:00:00 PM,,,0,5
AK,01/25/2017,20,112,112,,,93 st,15ft e/of horace har,0,0800,0500,0,0
AK,01/25/2017,21,49,0,,,white plains rd,,0,0830,0900,0,0
AK,01/25/2018,21,81,81,,,saratoga ave,,0,0800,0930,0,0
AK,01/25/2018,38,106,106,,,liberty ave,,0,0900,0700,0,0
AK,01/25/2019,21,48,48,,,topping ave,,0,0800,0930,0,0
AK,01/25/2019,21,75,0,,,wortman a,,0,1100,1230,0,0
AK,01/25/2019,36,0,0,,,nb kings hwy @ e 94t,h st,0,,,2006,0
AK,01/25/2022,36,0,0,,,eb atlantic ave @ pl,easant pl,0,,,2005,0
AK,01/25/2022,36,0,0,,,wb n. conduit blvd @,76 st,0,,,2005,0
AK,01/25/2023,21,115,115,,,100 st,,0,0830,1000,0,0
AK,01/25/2023,46,77,77,,,kingston ave,,0,,,0,0
AK,01/25/2023,5,0,0,,,wb jamaica ave @ 168,th st,0,,,2019,0
AK,01/26/2015,16,18,18,,,w 54 st,,01/05/0001 12:00:00 PM,0800,0600,0,0
AK,01/26/2015,16,18,18,,,w 54 st,,01/05/0001 12:00:00 PM,0800,0600,0,0
AK,01/26/2015,16,19,19,,,e 82 st,,01/05/0001 12:00:00 PM,0700,0700,0,0
AK,01/26/2015,16,19,19,,,e 82 st,,01/05/0001 12:00:00 PM,0700,0700,0,0
AK,01/26/2016,36,0,0,,,eb horace harding ex,pressway @ peck ave,0,,,2009,0
AK,01/26/2016,85,47,47,1200P,1200,c/o boston rd,heathcole ave,201601,,,0,0
AK,01/26/2017,14,68,68,,,91 st,,0,0700,0400,0,0
AK,01/26/2018,20,106,106,,,lefferts blvd,,0,,,0,0
AK,01/26/2018,21,94,94,,,meeker ave,10ft w/of union ave,0,1130,0100,0,0
AK,01/26/2018,38,103,103,,,89 ave,45ft e/of sutphin bl,0,0830,0700,0,0
AK,01/26/2020,19,17,17,,,2 ave,,0,,,0,0
AK,01/26/2021,36,0,0,,,eb northern blvd @ 1,94 st,0,,,2017,0
AK,01/26/2021,50,90,90,,,leonard st,0ft n/of meserole st,0,,,0,0
AK,01/26/2022,14,18,18,,,w 47 st,,0,,,0,0
AK,01/26/2022,36,0,0,,,wb n. conduit blvd @,76 st,0,,,2004,0
AK,01/26/2023,46,71,71,,,empire blvd,,0,,,0,0
AK,01/27/2016,40,90,90,,,rutledge st,,0,,,0,0
AK,01/27/2016,47,13,13,,,lexington ave,,0,0700,0700,0,0
AK,01/27/2016,85,45,45,0120A,0120,boston rd,,201601,,,0,0
AK,01/27/2017,14,10,10,,,w 17 st,,0,,,0,0
AK,01/27/2017,21,62,62,,,a v,20ft e/of 86 st,0,1130,0100,0,0
AK,01/27/2017,21,81,81,,,putnam ave,,0,1100,1230,0,0
AK,01/27/2017,21,83,0,,,putnam ave,,0,1100,1230,0,0
AK,01/27/2017,38,103,103,,,139 st,30ft n/of hillside a,0,0900,0700,0,0
AK,01/27/2019,20,49,49,,,rosewood st,,0,,,0,0
AK,01/27/2020,36,0,0,,,nb lefferts blvd @ s,utter ave,0,,,2013,0
AK,01/27/2021,40,42,42,,,franklin ave,,0,,,0,0
AK,01/27/2021,7,0,0,,,atlantic ave (w/b) @,bedford ave,0,,,2014,0
AK,01/27/2022,21,42,0,00000,0000,fox s,,0,0800,0930,0,0
AK,01/27/2023,19,68,68,,,5 ave,,0,,,0,0
AK,01/27/2023,21,66,0,00000,0000,bay parkway,,0,0830,1100,0,0
AK,01/27/2023,50,63,63,,,e 29 st,0ft w/of a n,0,,,0,0
AK,01/28/2015,14,19,19,,,e 69 st,,01/05/0001 12:00:00 PM,,,0,0
AK,01/28/2015,14,77,77,,,bergen st,,01/05/0001 12:00:00 PM,,,0,0
AK,01/28/2015,20,13,13,,,e 26 st,,01/05/0001 12:00:00 PM,0800,0600,0,0
AK,01/28/2016,38,17,17,,,2 ave,,0,0830,1000,0,0
AK,01/28/2017,17,1,1,,,greenwich st,,0,,,0,0
AK,01/28/2020,21,90,0,,,grand st,,0,1200,0300,0,0
AK,01/28/2020,21,90,0,,,metropolitan a,,0,1200,0300,0,0
AK,01/28/2020,21,90,0,,,metropolitan ave,,0,1200,0300,0,0
AK,01/28/2020,21,90,0,,,metropolitan ave,,0,1200,0300,0,0
AK,01/28/2020,21,90,0,,,metropolitan ave,,0,1200,0300,0,0
AK,01/28/2020,21,90,0,,,metropolitan ave,,0,1200,0300,0,0
AK,01/28/2020,21,90,0,,,metropolitan ave,,0,1200,0300,0,0
AK,01/28/2021,20,42,42,,,e 162 st,75ft e/of park ave,0,,,0,0
AK,01/28/2021,21,13,13,,,e 23 st,85ft w/of f d r dr,0,0800,0830,0,0
AK,01/28/2021,21,46,0,,,university ave,,0,1130,0100,0,0
AK,01/28/2022,36,0,0,,,wb atlantic ave @ cl,ermont ave,0,,,2017,0
AK,01/28/2023,36,0,0,,,nb liberty ave @ pri,nceton st,0,,,2020,0
AK,01/29/2015,37,114,114,1201P,1201,30 ave,,,0800,0700,0,0
AK,01/29/2015,38,102,102,,,jamaica ave,,01/05/0001 12:00:00 PM,0800,0700,0,0
AK,01/29/2016,14,71,71,,,rogers ave,,0,0400,0700,0,0
AK,01/29/2017,78,88,88,,,hancock st,,0,0900,0500,0,0
AK,01/29/2018,50,68,68,,,91 st,0ft s/of shore rd,0,,,0,0
AK,01/29/2019,17,19,19,,,e 68 st,,0,0700,0400,0,0
AK,01/29/2019,21,68,68,,,95 st,,0,0930,1100,0,0
AK,01/29/2020,46,81,81,,,quincy st,,0,,,0,0
AK,01/29/2023,19,18,18,,,w 57 st,,0,,,0,0
AK,01/30/2015,14,66,66,,,49 st,,01/05/0001 12:00:00 PM,0700,0700,0,0
AK,01/30/2015,38,19,19,,,e 78 st,,01/05/0001 12:00:00 PM,0900,0700,0,0
AK,01/30/2015,38,19,19,,,e 86 st,30ft e/of park ave,01/05/0001 12:00:00 PM,0830,0700,0,0
AK,01/30/2015,46,30,30,,,dyckman st,,01/05/0001 12:00:00 PM,,,0,0
AK,01/30/2016,68,84,84,,,monroe pl,,0,,,0,0
AK,01/30/2016,85,45,45,0958P,0958,boston rd,,201601,,,0,0
AK,01/30/2017,21,83,83,,,dekalb ave,,0,1100,1230,0,0
AK,01/30/2017,37,66,66,0150P,0150,18 ave,,201701,0800,0700,0,0
AK,01/30/2019,7,0,0,,,linden blvd (e/b) @,fountain ave,0,,,2004,0
AK,01/30/2020,21,48,48,,,southern blvd,,0,1130,0100,0,0
AK,01/30/2020,38,114,114,,,21 ave,,0,0800,0700,0,0
AK,01/31/2017,14,20,20,,,riverside dr,,0,,,0,0
AK,01/31/2017,21,79,79,,,putnam ave,,0,1100,1230,0,0
AK,01/31/2017,21,90,90,,,s 5 st,,0,0900,1030,0,0
AK,01/31/2017,23,20,20,,,w 72 st,,0,,,0,0
AK,01/31/2020,50,106,106,,,107 ave,0ft w/of 108 st,0,,,0,0
AK,01/31/2023,21,90,90,,,grand st,,0,0900,1030,0,0
AK,02/01/2016,21,67,0,,,foster ave,,0,1200,0300,0,0
AK,02/01/2016,21,90,90,,,montrose ave,,0,0930,1100,0,0
AK,02/01/2016,46,106,106,,,cross bay blvd,,0,,,0,0
AK,02/01/2017,10,18,18,,,8 ave,,0,,,0,0
AK,02/01/2017,14,1,1,,,spruce st,,0,,,0,0
AK,02/01/2017,19,33,33,,,broadway,,0,,,0,0
AK,02/01/2017,40,18,18,,,8 ave,,0,,,0,0
AK,02/01/2017,98,47,47,,,e 234 s,,0,,,2008,0
AK,02/01/2020,78,52,52,,,valentine ave,,0,0900,0500,0,0
AK,02/01/2022,37,52,52,1204P,1204,jerome ave,,0,0800,0700,0,0
AK,02/01/2023,38,50,50,,,w 240 st,30ft n/of tibbett av,0,0730,1000,0,0
AK,02/02/2015,38,103,103,,,89 ave,,01/05/0001 12:00:00 PM,0900,0700,0,0
AK,02/02/2016,23,1,1,,,park row,,0,0700,1000,0,0
AK,02/02/2016,40,107,107,,,reeves ave,20ft w/of 148 pl,0,,,0,5
AK,02/02/2017,20,90,90,,,milton st,,0,,,0,0
AK,02/02/2017,21,72,72,,,57 st,,0,1130,0100,0,0
AK,02/02/2017,78,69,69,,,farragut rd,6ft e/of e 84 st,0,0900,0500,0,0
AK,02/02/2021,36,0,0,,,wb union tpke @ 259t,h st,0,,,2007,0
AK,02/02/2022,10,40,40,,,willis ave,,0,,,0,0
AK,02/02/2022,16,13,13,,,madison ave,,0,,,2020,0
AK,02/02/2023,98,52,52,,,hull ave,,0,,,0,0
AK,02/03/2016,69,14,14,,,e 33 st,,0,0700,0700,0,0
AK,02/03/2016,85,45,45,0944P,0944,boston rd,10ft n/of heathcote,201602,,,0,0
AK,02/03/2017,19,62,62,,,18 ave,,0,,,0,0
AK,02/03/2017,31,115,115,,,74 st,,0,0800,0700,0,0
AK,02/03/2017,38,105,105,,,jamaica ave,,0,0830,0700,0,0
AK,02/03/2017,68,94,94,,,green st,,0,,,0,0
AK,02/03/2020,19,33,33,,,amsterdam ave,,0,,,0,0
AK,02/03/2020,21,114,114,,,33 st,,0,1130,0100,0,0
AK,02/03/2020,38,114,114,,,33 st,,0,0800,0700,0,0
AK,02/03/2023,21,24,24,,,w 97 st,,0,1130,0100,0,0
AK,02/04/2015,36,0,0,,,wb goethals rd n @ j,ules dr,01/05/0001 12:00:00 PM,,,2007,0
AK,02/04/2015,38,19,19,,,lexington ave,,01/05/0001 12:00:00 PM,1000,0700,0,0
AK,02/04/2015,40,32,32,,,w 146 st,,01/05/0001 12:00:00 PM,,,0,10
AK,02/04/2016,16,19,19,,,e 62 st,,0,0800,0700,0,0
AK,02/04/2016,19,107,107,,,horace harding expy,5ft e/of 148 st,0,,,0,0
AK,02/04/2016,20,114,114,,,2 st,60ft s/of 26 ave,0,,,0,0
AK,02/04/2016,21,88,88,,,carlton ave,,0,1130,0100,0,0
AK,02/04/2016,21,90,90,,,heyward st,,0,1100,1230,0,0
AK,02/04/2016,21,94,94,,,green st,,0,0830,1000,0,0
AK,02/04/2016,38,78,78,,,7 ave,,0,0900,0700,0,0
AK,02/04/2017,74,103,103,,,88 ave,,0,,,0,0
AK,02/04/2018,14,62,62,,,a u,,0,,,0,0
AK,02/04/2020,20,42,42,,,franklin ave,,0,0800,0600,0,0
AK,02/04/2023,98,50,50,,,w 234,,0,,,2013,0
AK,02/05/2015,16,32,32,,,adam clayton powell,,01/05/0001 12:00:00 PM,0800,0300,0,0
AK,02/05/2016,78,47,47,,,laconia ave,,0,0900,0500,0,0
AK,02/05/2018,21,60,60,,,ocean pky,,0,0930,1100,0,0
AK,02/05/2019,31,1,1,,,broadway,,0,0700,0600,0,0
AK,02/05/2021,38,112,112,,,67 dr,5ft n/of queens blvd,0,0900,0700,0,0
AK,02/05/2022,20,48,48,,,e 182 st,,0,,,0,0
AK,02/05/2022,20,48,48,,,e 182 st,,0,,,0,0
AK,02/06/2015,60,43,43,,,boynton ave,,01/05/0001 12:00:00 PM,,,0,0
AK,02/06/2016,40,1,1,,,peck slip,10ft w/of front st,0,,,0,5
AK,02/06/2017,21,20,20,,,freedom pl,5ft s/of w 63 st,0,0800,0930,0,0
AK,02/06/2019,19,,,,,lexington ave,,0,,,0,0
AK,02/06/2020,36,0,0,,,wb linden blvd @ roc,kaway ave,0,,,2009,0
AK,02/06/2020,40,19,19,,,e 92 st,,0,,,0,9
AK,02/06/2023,40,61,61,,,a v,40ft e/of brown st,0,,,0,0
AK,02/06/2023,7,0,0,,,eb grand central pkw,y svc rd @ 72 rd,0,,,2013,0
AK,02/07/2016,40,83,83,,,de sales pl,,0,,,0,0
AK,02/07/2017,38,72,72,,,5 ave,,0,0830,0700,0,0
AK,02/07/2019,38,5,5,,,mulberry st,,0,0630,1000,0,0
AK,02/07/2019,41,111,111,,,53 ave,,0,0900,1100,0,0
AK,02/07/2020,14,18,18,,,e 54 st,,0,0700,0600,0,0
AK,02/07/2020,21,90,90,,,keap st,,0,0800,0930,0,0
AK,02/07/2020,36,0,0,,,sb midland ave @ mas,on ave,0,,,2011,0
AK,02/07/2020,40,43,43,,,olmstead ave,,0,,,0,4
AK,02/07/2020,40,77,77,,,pacific st,,0,,,0,0
AK,02/07/2022,20,18,18,,,w 51 st,,0,0800,0600,0,0
AK,02/07/2022,20,18,18,,,w 51 st,,0,0800,1200,0,0
AK,02/07/2022,21,71,71,,,maple st,,0,0700,0400,0,0
AK,02/07/2022,36,0,0,,,eb astoria blvd s @,44 st,0,,,2018,0
AK,02/07/2023,14,102,102,,,94 st,,0,,,0,0
AK,02/07/2023,21,26,26,,,riverside dr,300ft n/of w 125 s,0,0800,1000,0,0
AK,02/07/2023,21,67,67,,,brooklyn ave,,0,0900,1030,0,0
AK,02/07/2023,51,61,61,,,banner ave,,0,,,0,0
AK,02/08/2016,23,108,108,,,44 dr,,0,0800,0600,0,0
AK,02/08/2016,46,113,113,,,rockaway blvd,,0,,,0,0
AK,02/08/2017,19,81,81,,,washington ave,40ft n/of bergen st,0,,,0,0
AK,02/08/2018,14,47,47,,,white plains rd,,0,,,0,0
AK,02/08/2018,38,109,109,,,union st,,0,0900,0700,0,0
AK,02/08/2019,21,44,44,,,topping ave,,0,0800,0930,0,0
AK,02/08/2019,38,106,106,,,lefferts blvd,20ft n/of liberty av,0,0900,0700,0,0
AK,02/08/2023,36,0,0,,,eb forest ave @ raym,ond pl,0,,,2015,0
AK,02/08/2023,98,23,23,,,e 112 st,,0,,,2021,0
AK,02/09/2015,19,104,104,,,forest ave,,01/05/0001 12:00:00 PM,,,0,0
AK,02/09/2016,20,103,103,,,89 ave,,0,0800,0600,0,0
AK,02/09/2016,21,90,90,,,montrose ave,,0,0930,1100,0,0
AK,02/09/2016,80,50,50,,,w 234 st,,0,,,0,0
AK,02/09/2018,21,90,90,,,grand st,,0,0900,1030,0,0
AK,02/09/2019,38,47,47,,,white plains rd,,0,0830,0700,0,0
AK,02/09/2022,14,45,0,,,einstein loop,,0,,,2011,0
AK,02/09/2023,21,26,26,,,riverside dr,400ft s/of w 135 s,0,0830,1000,0,0
AK,02/09/2023,36,0,0,,,eb shore pkwy @ ocea,n pkwy,0,,,2018,0
AK,02/09/2023,36,0,0,,,nb clearview express,way @ 56 ave,0,,,2015,0
AK,02/10/2015,21,115,115,,,32 ave,,01/05/0001 12:00:00 PM,0830,1000,0,0
AK,02/10/2015,21,13,13,,,w 14 st,,01/05/0001 12:00:00 PM,0830,0900,0,0
AK,02/10/2015,21,30,30,,,riverside dr,,01/05/0001 12:00:00 PM,1100,1230,0,0
AK,02/10/2015,21,61,61,,,a s,,01/05/0001 12:00:00 PM,0930,1100,0,0
AK,02/10/2015,21,72,72,,,8 ave,,01/05/0001 12:00:00 PM,0730,0800,0,0
AK,02/10/2015,21,94,94,,,n 10 st,,01/05/0001 12:00:00 PM,0800,0930,0,0
AK,02/10/2015,38,100,100,,,beach 116 st,,01/05/0001 12:00:00 PM,0830,0700,0,0
AK,02/10/2016,20,76,76,,,baltic st,,0,0700,0400,0,0
AK,02/10/2016,31,1,1,,,wall st,,0,0700,0600,0,0
AK,02/10/2016,31,17,17,,,w 36 st,,0,0600,0700,0,0
AK,02/10/2016,36,0,0,,,wb e 135 st @ alex,ander ave,0,,,2009,0
AK,02/10/2018,21,84,84,,,livingston st,,0,1200,0300,0,0
AK,02/10/2020,21,70,70,,,kings hwy,,0,0930,1100,0,0
AK,02/10/2021,46,75,75,,,vandalia ave,,0,,,0,0
AK,02/10/2022,10,40,40,,,willis ave,,0,,,0,0
AK,02/10/2022,21,104,104,,,summerfield st,,0,0930,1100,0,0
AK,02/10/2023,20,28,28,,,w 115 st,,0,,,0,0
AK,02/10/2023,36,0,0,,,wb queens blvd @ 72n,d rd,0,,,2018,0
AK,02/11/2015,60,30,30,,,w 149 st bradhurst,,01/05/0001 12:00:00 PM,,,0,0
AK,02/11/2016,13,13,13,,,lexington ave,,0,,,0,0
AK,02/11/2016,14,72,72,,,greenwood ave,15ft n/of e 3 st,0,,,0,0
AK,02/11/2016,21,44,44,,,mc clellan st,40ft e/of grant ave,0,0800,0930,0,0
AK,02/11/2019,37,106,106,1024A,1024,lefferts blvd,,0,0900,0700,0,0
AK,02/11/2020,36,0,0,,,nb lefferts blvd @ s,utter ave,0,,,2013,0
AK,02/11/2021,36,0,0,,,nb troy ave @ atlant,ic ave,0,,,2009,0
AK,02/11/2022,14,71,71,,,ocean ave,,0,0700,1000,0,0
AK,02/11/2022,21,42,0,00000,0000,fox s,,0,0800,0930,0,0
AK,02/11/2023,21,83,83,,,knickerbocker ave,,0,0730,0800,0,0
AK,02/11/2023,38,60,60,,,brighton 4 st,,0,0900,0700,0,0
AK,02/12/2015,17,114,,,,40 rd,,01/05/0001 12:00:00 PM,,,2012,0
AK,02/12/2016,36,0,0,,,wb linden blvd @ lin,coln ave,0,,,2016,0
AK,02/12/2016,40,109,109,,,41 ave,,0,,,0,4
AK,02/12/2016,78,70,70,,,e 21 st,,0,0900,0500,0,0
AK,02/12/2019,98,68,68,,,92 st,,0,,,0,0
AK,02/12/2020,18,34,34,,,w 181 st,,0,,,0,0
AK,02/12/2020,40,104,104,1157A,1157,68 rd,,202002,,,0,9
AK,02/12/2023,14,61,61,,,sheepshead bay rd,,0,,,0,0
AK,02/12/2023,36,0,0,,,nb ocean ave @ grave,send neck rd,0,,,2022,0
AK,02/12/2023,36,0,0,,,wb n conduit ave @ s,pringfield blvd,0,,,2013,0
AK,02/13/2015,14,14,14,,,w 42 st,,01/05/0001 12:00:00 PM,0700,1000,0,0
AK,02/13/2015,14,9,9,,,st marks pl,,01/05/0001 12:00:00 PM,,,0,0
AK,02/13/2015,31,9,9,,,2 ave,,01/05/0001 12:00:00 PM,1000,0200,0,0
AK,02/13/2016,14,62,62,,,e 3 st,,0,,,0,0
AK,02/13/2016,38,103,103,,,160 st,95ft n/of archer ave,0,0900,0700,0,0
AK,02/13/2016,38,45,45,,,e tremont ave,,0,0900,0700,0,0
AK,02/13/2016,46,44,44,,,grand concourse st,,0,,,0,0
AK,02/13/2018,20,108,108,,,45 ave,,0,0800,0600,0,0
AK,02/13/2018,21,83,0,,,broadway,,0,0300,0600,0,0
AK,02/13/2019,20,111,111,,,garland dr,,0,0600,0800,0,0
AK,02/13/2019,36,0,0,,,sb boston rd @ e 173,rd st,0,,,2006,0
AK,02/13/2023,14,45,45,,,einstein loop,,0,,,0,0
AK,02/13/2023,36,0,0,,,nb pennsylvania ave,@ riverdale ave,0,,,2013,0
AK,02/14/2015,14,33,33,,,haven ave,15ft n/of w 173 st,01/05/0001 12:00:00 PM,,,0,0
AK,02/14/2015,37,6,6,0303P,0303,gansevoort st,,,0700,1100,0,0
AK,02/14/2017,14,112,112,,,78 ave,,0,0400,0700,0,0
AK,02/14/2017,17,32,,,,west 137 st,,0,0700,0700,0,0
AK,02/14/2017,37,23,23,0510P,0510,5 ave,48ft s/of e 103 st,0,1000,0700,0,0
AK,02/14/2017,38,107,107,,,queens blvd,,0,0800,0700,0,0
AK,02/14/2017,38,61,61,,,e 12 st,,0,0900,0700,0,0
AK,02/14/2017,40,84,84,,,pacific st,,0,,,0,4
AK,02/14/2017,40,84,84,,,pacific st,,0,,,0,5
AK,02/14/2017,61,123,123,,,sprague ave,,0,,,0,0
AK,02/14/2019,21,79,79,,,pulaski st,,0,0800,0930,0,0
AK,02/14/2019,21,84,84,,,amity st,,0,0900,1100,0,0
AK,02/14/2019,21,94,0,,,meeker ave,,0,1130,0100,0,0
AK,02/14/2019,46,0,,,,5 ave,,0,,,0,0
AK,02/14/2019,84,0,,,,5 ave,,0,,,0,0
AK,02/14/2020,21,47,47,,,laconia ave,,0,0830,1000,0,0
AK,02/14/2020,36,0,0,,,wb goethals rd n @ j,ules dr,0,,,2007,0
AK,02/14/2021,16,17,0,,,west 57 s,,0,,,0,0
AK,02/14/2021,20,7,7,,,ludlow st,,0,0700,0700,0,0
AK,02/14/2023,50,50,50,,,university,west 107,0,,,2010,0
AK,02/15/2016,14,52,52,,,w gun hill rd,45ft w/of mosholu pk,0,0700,1000,0,0
AK,02/15/2016,20,114,114,,,1 st,300ft s/of 27 ave,0,0800,0600,0,0
AK,02/15/2017,46,52,52,,,east 204 st,,0,,,0,0
AK,02/15/2019,21,68,0,,,101 st st,,0,1130,0100,0,0
AK,02/15/2019,21,84,84,,,butler st,,0,1130,0100,0,0
AK,02/15/2019,38,32,32,,,adam clayton powell,,0,0900,0700,0,0
AK,02/15/2020,46,101,,,,beach 54 st,,0,,,0,0
AK,02/15/2020,7,0,0,,,clove rd (n/b) @ bar,d ave,0,,,2016,0
AK,02/15/2021,36,0,0,,,wb sedgwick ave @ sa,xon ave,0,,,2011,0
AK,02/15/2022,31,14,14,,,w 38 st,,0,0600,0600,0,0
AK,02/15/2022,76,14,14,,,w 38 st,,0,,,0,0
AK,02/15/2023,38,25,25,,,e 116 st,,0,0830,0700,0,0
AK,02/16/2015,14,33,33,,,w 168 s,,01/05/0001 12:00:00 PM,,,0,0
AK,02/16/2015,14,90,90,,,heyward st,,01/05/0001 12:00:00 PM,,,0,0
AK,02/16/2015,16,7,7,,,e broadway,,01/05/0001 12:00:00 PM,,,0,0
AK,02/16/2015,20,114,114,,,crescent st,,01/05/0001 12:00:00 PM,,,0,0
AK,02/16/2015,31,18,18,,,e 52 st,,01/05/0001 12:00:00 PM,0700,0600,0,0
AK,02/16/2016,21,44,44,,,e 171 st,15ft w/of college av,0,0900,1030,0,0
AK,02/16/2016,21,68,68,,,71 st,60ft n/of narrows av,0,0930,1100,0,0
AK,02/16/2016,21,83,83,,,beaver st,,0,0800,0930,0,0
AK,02/16/2016,21,83,83,,,central ave,,0,0800,0930,0,0
AK,02/16/2016,38,103,103,,,jamaica ave,,0,0900,0700,0,0
AK,02/16/2016,38,52,52,,,jerome ave,,0,0800,0700,0,0
AK,02/16/2017,21,81,110,,,chauncey st,,0,0900,1030,0,0
AK,02/16/2018,67,44,44,,,n/w c/o e 168 st,sheridan ave,0,,,0,0
AK,02/16/2020,40,24,24,,,broadway,,0,,,0,9
AK,02/16/2020,50,70,70,,,ave a,,0,,,0,0
AK,02/16/2020,50,70,70,,,n/w c/o e 10 st,i/o ave h,0,,,0,0
AK,02/16/2021,14,79,79,,,nostrand ave,,0,0700,1000,0,0
AK,02/16/2021,21,44,0,,,e 161 s,,0,0730,0800,0,0
AK,02/16/2021,36,0,0,,,nb pennsylvania ave,@ hornell loop,0,,,2003,0
AK,02/16/2022,14,71,0,00000,0000,ocean a,,0,0700,1000,0,0
AK,02/16/2022,40,114,114,,,41 st,,0,,,0,0
AK,02/16/2023,16,115,115,,,northern blvd,,0,0830,0700,0,0
AK,02/16/2023,40,73,73,,,prospect pl,,0,,,0,0
AK,02/17/2016,14,90,90,,,havemeyer st,,0,,,0,0
AK,02/17/2016,50,72,72,,,43 st,0ft e/of 2 ave,0,,,0,0
AK,02/17/2017,14,77,77,,,eastern pky,,0,,,0,0
AK,02/17/2017,20,90,90,,,grand st,,0,,,0,0
AK,02/17/2017,21,70,70,,,parkside ave,,0,0830,1000,0,0
AK,02/17/2017,21,71,71,,,albany ave,20ft n/of president,0,1100,1230,0,0
AK,02/17/2017,21,78,78,,,14 st,,0,1130,0100,0,0
AK,02/17/2017,21,94,94,,,norman ave,,0,0800,0930,0,0
AK,02/17/2018,14,1,1,,,liberty st,,0,,,0,0
AK,02/17/2018,38,111,111,,,39 ave,70ft w/of bell blvd,0,0900,0700,0,0
AK,02/17/2021,36,0,0,,,sb nostrand ave @ ga,tes ave,0,,,2009,0
AK,02/17/2022,20,94,94,,,n 6 pl,,0,,,1978,0
AK,02/17/2022,36,0,0,,,nb bedford ave @ gat,es ave,0,,,2016,0
AK,02/17/2022,36,0,0,,,nb bell blvd @ 18,ave,0,,,2019,0
AK,02/17/2023,14,84,84,,,pacific st,,0,,,0,0
AK,02/17/2023,36,0,0,,,sb bruckner blvd @ h,ollywood ave,0,,,2016,0
AK,02/17/2023,46,48,48,,,hoffman st,,0,,,0,0
AK,02/18/2017,40,102,102,,,109 st,,0,,,0,0
AK,02/18/2017,7,0,0,,,astoria blvd s (e/b),@ 77 st,0,,,2007,0
AK,02/18/2019,46,79,79,,,jefferson ave,,0,,,0,0
AK,02/18/2020,14,42,42,,,e 169 st,,0,,,0,0
AK,02/18/2020,21,25,25,,,e 118 st,,0,1130,0100,0,0
AK,02/18/2020,21,90,90,,,powers st,,0,0830,1000,0,0
AK,02/18/2020,40,114,114,,,25 ave,,0,,,0,0
AK,02/18/2021,36,0,0,,,nb pennsylvania ave,@ hornell loop,0,,,2003,0
AK,02/18/2022,21,48,0,00000,0000,quarry rd,,0,0830,1000,0,0
AK,02/18/2022,40,114,114,,,41 st,,0,,,0,0
AK,02/18/2022,40,114,114,,,41 st,,0,,,0,0
AK,02/18/2023,20,45,45,,,erdman pl,,0,,,0,0
AK,02/18/2023,36,0,0,,,nb 164 st @ 59 a,ve,0,,,2020,0
AK,02/18/2023,36,0,0,,,sb main st @ 82 dr,,0,,,2020,0
AK,02/19/2015,40,32,32,,,w 146 st,,01/05/0001 12:00:00 PM,,,0,4
AK,02/19/2015,40,32,32,,,w 146 st,,01/05/0001 12:00:00 PM,,,0,4
AK,02/19/2016,19,72,72,,,3 ave,,0,,,0,0
AK,02/19/2016,21,114,114,,,30 st,,0,1130,0100,0,0
AK,02/19/2016,21,70,70,,,e 23 st,,0,0830,1000,0,0
AK,02/19/2016,38,61,61,,,ocean pky,,0,0800,1000,0,0
AK,02/19/2017,19,33,33,,,amsterdam ave,,0,,,0,0
AK,02/19/2020,21,90,90,,,ainslie st,,0,0830,1000,0,0
AK,02/19/2020,40,42,42,,,franklin ave,,0,,,0,2
AK,02/19/2023,36,0,0,,,sb bruckner blvd @ h,ollywood ave,0,,,2016,0
AK,02/20/2015,38,44,44,,,e 170 st,,01/05/0001 12:00:00 PM,0830,0700,0,0
AK,02/20/2015,40,112,112,,,austin st,,01/05/0001 12:00:00 PM,,,0,0
AK,02/20/2016,31,1,1,,,grand st,,0,0900,0700,0,0
AK,02/20/2016,48,13,13,,,w 29 st,,0,,,0,0
AK,02/20/2017,7,0,0,,,seagirt blvd (e/b) @,rockaway freeway,0,,,2011,0
AK,02/20/2018,21,73,0,,,e 98 st,,0,0800,0930,0,0
AK,02/20/2020,20,40,40,,,rider ave,,0,0800,0600,0,0
AK,02/20/2022,5,0,0,,,wb w 181 st @ audu,bon ave,0,,,2017,0
AK,02/20/2023,14,20,20,,,broadway,30ft n/of w 71 st,0,0700,0700,0,0
AK,02/20/2023,38,9,9,,,2 ave,,0,0900,1000,0,0
AK,02/20/2023,46,34,34,,,10 a,,0,,,0,0
AK,02/21/2015,38,68,68,,,5 ave,,01/05/0001 12:00:00 PM,0830,0700,0,0
AK,02/21/2015,40,72,72,,,6 ave,,01/05/0001 12:00:00 PM,,,0,6
AK,02/21/2016,20,70,70,,,e 19 st,,0,,,0,0
AK,02/21/2016,40,9,9,,,e 7 st,1ft e/of a a,0,,,0,0
AK,02/21/2017,19,94,94,,,driggs ave,,0,,,0,0
AK,02/21/2017,21,108,108,,,43 st,,0,0900,1030,0,0
AK,02/21/2017,21,90,90,,,meserole st,,0,0800,0930,0,0
AK,02/21/2018,37,112,112,0432P,0432,austin st,,201802,0830,0700,0,0
AK,02/21/2018,7,0,0,,,northern blvd (e/b),@ marathon pkwy,0,,,2011,0
AK,02/21/2019,16,19,19,,,e 69 st,,0,0700,0700,0,0
AK,02/21/2020,21,83,83,,,madison st,,0,1200,0130,0,0
AK,02/21/2021,40,79,79,,,hancock st,,0,,,0,0
AK,02/21/2022,16,13,13,,,w 26 st,55ft e/of 6 ave,0,0500,0700,0,0
AK,02/21/2022,31,13,13,,,w 26 st,,0,0700,0700,0,0
AK,02/21/2022,40,114,114,,,44 st,,0,,,0,0
AK,02/21/2023,14,108,108,,,42 rd,35ft w/of hunter st,0,,,0,0
AK,02/21/2023,14,79,79,,,park ave,,0,,,0,0
AK,02/21/2023,38,108,108,,,center blvd,,0,0900,0700,0,0
AK,02/22/2016,14,83,83,,,bushwick ave,,0,0700,1000,0,0
AK,02/22/2016,21,79,79,,,putnam ave,,0,1100,1230,0,0
AK,02/22/2019,21,13,0,,,e 19 st,,0,0930,1100,0,0
AK,02/22/2019,21,44,44,,,e 172 st,,0,0900,1030,0,0
AK,02/22/2020,31,18,18,,,w 46 st,,0,0700,0600,0,0
AK,02/22/2020,38,76,76,,,atlantic ave,,0,0900,0700,0,0
AK,02/22/2022,20,114,114,,,41 st,,0,0700,0600,0,0
AK,02/22/2022,36,0,0,,,nb cropsey ave @ 25t,h ave,0,,,2015,0
AK,02/22/2022,36,0,0,,,wb astoria blvd n @,42 st,0,,,2018,0
AK,02/22/2023,40,115,115,,,34 ave,24ft e/of 99 st,0,,,0,7
AK,02/23/2016,21,88,88,,,s portland ave,,0,1130,0100,0,0
AK,02/23/2016,40,73,73,,,chauncey st,,0,,,0,0
AK,02/23/2016,48,79,79,,,bedford ave,,0,,,0,0
AK,02/23/2017,21,61,61,,,e 9 st,,0,0930,1100,0,0
AK,02/23/2017,21,90,90,,,leonard st,,0,0830,1000,0,0
AK,02/23/2017,21,90,90,,,s 5 st,,0,0900,1030,0,0
AK,02/23/2017,38,122,122,,,seaview ave,,0,0800,0800,0,0
AK,02/23/2017,7,0,0,,,atlantic ave (w/b) @,bedford ave,0,,,1998,0
AK,02/23/2018,51,88,88,,,ashland pl,,0,,,0,0
AK,02/23/2022,36,0,0,,,sb washington ave @,claremont pkwy,0,,,2015,0
AK,02/23/2022,40,114,114,,,41 st,,0,,,0,0
AK,02/24/2015,37,109,109,0214P,0214,college point blvd,,,0900,0700,0,0
AK,02/24/2015,40,66,66,,,9 ave,,01/05/0001 12:00:00 PM,,,0,2
AK,02/24/2016,21,94,94,,,humboldt st,,0,1130,0100,0,0
AK,02/24/2017,14,103,103,,,hillside ave,,0,0400,0700,0,0
AK,02/24/2017,14,103,103,,,hillside ave,,0,0400,0700,0,0
AK,02/24/2017,21,40,0,,,courtlandt ave,,0,0900,1030,0,0
AK,02/24/2017,38,122,122,,,seaview ave,,0,0800,0800,0,0
AK,02/24/2018,16,1,1,,,barclay st,,0,1000,0400,0,0
AK,02/24/2019,17,13,13,,,1 ave,20ft s/of e 25 st,0,,,0,0
AK,02/24/2020,38,106,106,,,lefferts blvd,,0,0900,0700,0,0
AK,02/24/2021,21,114,114,,,33 st,,0,0830,1000,0,0
AK,02/24/2021,36,0,0,,,nb pennsylvania ave,@ hornell loop,0,,,2003,0
AK,02/24/2021,5,0,0,,,nb 1 ave @ e 106,st,0,,,2020,0
AK,02/24/2021,7,0,0,,,astoria blvd (w/b) @,94 st,0,,,2020,0
AK,02/24/2022,21,30,30,,,riverside dr,530ft s/of w 135 s,0,0830,1000,0,0
AK,02/24/2023,20,73,73,,,prospect pl,,0,,,0,0
AK,02/24/2023,36,0,0,,,nb pennsylvania ave,@ hornell loop,0,,,2019,0
AK,02/25/2014,20,83,83,,,broadway,,01/05/0001 12:00:00 PM,,,2004,0
AK,02/25/2015,19,19,19,,,lexington ave,,01/05/0001 12:00:00 PM,,,0,0
AK,02/25/2015,20,83,83,,,broadway,,01/05/0001 12:00:00 PM,,,0,0
AK,02/25/2015,38,120,120,,,central ave,,01/05/0001 12:00:00 PM,0800,0600,0,0
AK,02/25/2015,38,61,61,,,kings hwy,,01/05/0001 12:00:00 PM,0830,0700,0,0
AK,02/25/2016,21,72,72,,,1 ave,45ft e/of 2 ave,0,1200,0300,0,0
AK,02/25/2016,38,60,60,,,brighton 6 st,,0,0900,0700,0,0
AK,02/25/2016,46,67,67,,,ave d,,0,,,0,0
AK,02/25/2017,14,69,69,,,foster ave,,0,1200,0300,0,0
AK,02/25/2019,31,5,5,,,broadway,,0,0700,0600,0,0
AK,02/25/2019,36,0,0,,,nb southern blvd @ e,187 st,0,,,2017,0
AK,02/25/2020,21,7,7,,,bialystoker pl,,0,0800,0930,0,0
AK,02/25/2020,21,90,90,,,powers st,,0,0830,1000,0,0
AK,02/25/2021,14,79,0,,,nostrand ave,,0,0700,1000,0,0
AK,02/25/2021,21,23,23,,,e 111 st,40ft w/of a new stre,0,1130,0100,0,0
AK,02/25/2021,21,41,41,,,bryant ave,,0,0800,0930,0,0
AK,02/25/2021,21,52,52,,,heath ave,15ft s/of sedgwick a,0,1130,0100,0,0
AK,02/25/2021,36,0,0,,,eb st johns pl @ kin,gston ave,0,,,2009,0
AK,02/25/2021,7,0,0,,,pennsylvania ave (s/,b) @ seaview ave,0,,,2003,0
AK,02/25/2022,14,120,120,,,gordon st,,0,,,0,0
AK,02/25/2022,36,0,0,,,eb e 233 st @ kato,nah ave,0,,,2018,0
AK,02/25/2023,12,0,0,,,sb main st @ sanford,ave,0,,,2020,0
AK,02/26/2015,14,17,17,,,e 45 st,100ft e/of vanderbil,01/05/0001 12:00:00 PM,,,0,0
AK,02/26/2015,24,23,23,,,e 109 st,,01/05/0001 12:00:00 PM,0700,0400,0,0
AK,02/26/2015,40,28,28,,,central park north,,01/05/0001 12:00:00 PM,,,0,7
AK,02/26/2015,70,75,75,,,lincoln ave,,01/05/0001 12:00:00 PM,,,0,0
AK,02/26/2016,20,78,78,,,9 st,,0,0800,0600,0,0
AK,02/26/2016,21,114,114,,,35 st,,0,0830,1000,0,0
AK,02/26/2016,21,69,69,,,e 88 st,,0,1100,1230,0,0
AK,02/26/2016,38,60,60,,,brighton 6 st,,0,0900,0700,0,0
AK,02/26/2016,38,7,7,,,orchard st,,0,0900,0700,0,0
AK,02/26/2016,40,114,114,,,crescent st,,0,,,0,6
AK,02/26/2016,40,115,115,,,37 ave,,0,,,0,0
AK,02/26/2018,21,83,0,,,knickerbocker ave,,0,1100,1230,0,0
AK,02/26/2018,21,90,90,,,grand st,,0,0900,1030,0,0
AK,02/26/2018,36,0,0,,,eb horace harding ex,pressway @ peck ave,0,,,2015,0
AK,02/26/2018,38,47,47,,,white plains rd,,0,0830,0700,0,0
AK,02/26/2019,21,40,40,,,courtlandt ave,,0,0900,1030,0,0
AK,02/26/2021,36,0,0,,,eb atlantic ave @ es,sex st,0,,,2009,0
AK,02/26/2021,36,0,0,,,nb pennsylvania ave,@ hornell loop,0,,,2003,0
AK,02/26/2021,36,0,0,,,nb pennsylvania ave,@ riverdale ave,0,,,2003,0
AK,02/26/2022,40,70,70,,,ocean ave,,0,,,0,0
AK,02/26/2022,46,34,34,,,dyckman st,,0,,,2017,0
AK,02/26/2022,70,70,70,,,coney island ave,,0,,,0,0
AK,02/26/2023,36,0,0,,,sb fdr dr @ e housto,n st,0,,,2008,0
AK,02/27/2015,20,109,109,,,40 rd,45ft w/of main st,01/05/0001 12:00:00 PM,0700,0700,0,0
AK,02/27/2015,40,28,28,,,central park north,,01/05/0001 12:00:00 PM,,,0,6
AK,02/27/2016,19,6,6,,,6 ave,,0,,,0,0
AK,02/27/2016,21,17,17,,,3 ave,,0,0800,0830,0,0
AK,02/27/2016,84,6,6,,,6 ave,,0,,,0,0
AK,02/27/2017,14,120,120,,,hamilton ave,,0,0700,0400,0,0
AK,02/27/2017,21,103,103,,,178 st,60ft s/of liberty av,0,0300,0600,0,0
AK,02/27/2017,21,20,20,,,freedom pl,50ft s/of w 63 st,0,0800,0930,0,0
AK,02/27/2017,21,94,94,,,hausman st,,0,0800,0930,0,0
AK,02/27/2019,14,0,,,,park ave,,0,0700,1000,0,0
AK,02/27/2019,20,111,111,,,kenilworth dr,,0,0900,1100,0,0
AK,02/27/2019,38,106,106,,,lefferts blvd,,0,0900,0700,0,0
AK,02/27/2020,37,6,6,0939A,0939,greenwich ave,,0,0730,0700,0,0
AK,02/27/2023,20,34,34,,,seaman ave,25ft n/of isham st,0,,,0,0
AK,02/27/2023,21,114,0,00000,0000,26 s,,0,0930,1100,0,0
AK,02/27/2023,21,43,43,,,metcalf ave,,0,1130,0100,0,0
AK,02/28/2015,21,19,19,,,3 ave,,01/05/0001 12:00:00 PM,0730,0800,0,0
AK,02/28/2015,21,33,33,,,st nicholas ave,,01/05/0001 12:00:00 PM,0730,0800,0,0
AK,02/28/2015,38,19,19,,,3 ave,,01/05/0001 12:00:00 PM,0800,0700,0,0
AK,02/28/2015,46,14,14,1200P,1200,10 ave,,,,,0,0
AK,02/28/2016,46,70,70,,,nostrand ave,,0,,,0,0
AK,02/28/2017,21,77,77,,,eastern pky,,0,0830,1000,0,0
AK,02/28/2017,21,78,78,,,sackett st,,0,1130,0100,0,0
AK,02/28/2018,38,111,111,,,39 ave,,0,0900,0700,0,0
AK,02/28/2019,21,63,0,,,ave k,,0,0830,1000,0,0
AK,02/28/2019,37,108,108,1100A,1100,queens plaza south,0ft e/of 24 st,0,0900,0700,0,0
AK,02/28/2019,40,28,28,,,w 114 st,,0,,,0,5
AK,02/28/2020,21,78,78,,,95 ave,30ft s/of ridge blvd,0,0930,1100,0,0
AK,02/28/2020,21,78,78,,,95 st,30ft s/of ridge blvd,0,0930,1100,0,0
AK,02/28/2022,36,0,0,,,nb mcguinness blvd @,nassau ave,0,,,2016,0
AK,02/28/2022,63,110,3,,,fmcp,111 lot,0,,,0,0
AK,02/28/2023,20,40,40,,,courtlandt ave,,0,0700,0700,0,0
AK,02/28/2023,96,69,69,,,east 85 st,,0,,,0,0
AK,02/29/2016,21,68,68,,,88 st,,0,0830,1000,0,0
AK,02/29/2016,21,90,90,,,union ave,,0,1100,1230,0,0
AK,02/29/2016,24,90,90,,,maujer st,,0,0700,0400,0,0
AK,03/01/2016,21,66,66,,,e 7 st,,0,1130,0100,0,0
AK,03/01/2016,21,68,68,,,87 st,15ft w/of 4 ave,0,0830,1000,0,0
AK,03/01/2016,36,0,0,,,eb atlantic ave @ ne,w york ave,0,,,2013,0
AK,03/01/2016,37,104,104,0114P,0114,myrtle ave,,201603,0900,0700,0,0
AK,03/01/2017,36,0,0,,,nb woodhaven blvd @,65 ave,0,,,2013,0
AK,03/01/2018,46,62,62,,,w 1 st,,0,,,0,0
AK,03/01/2019,21,112,0,,,austin st,,0,1130,0100,0,0
AK,03/01/2019,21,60,0,,,s/s shore pkwy,w/o stillwell ave,0,1130,0100,0,0
AK,03/01/2019,37,103,103,1124A,1124,146 st,30ft s/of hillside a,0,0900,0700,0,0
AK,03/01/2019,40,44,0,,,s/s e 174 s,east of topping aven,0,,,0,2
AK,03/01/2019,46,73,73,,,watkins st,,0,,,0,0
AK,03/01/2022,21,33,33,,,w 160 st,,0,0830,1000,0,0
AK,03/01/2022,38,19,19,,,york ave,,0,0830,0700,0,0
AK,03/01/2023,14,84,84,,,willoughby st,,0,,,0,0
AK,03/01/2023,21,50,0,00000,0000,corlear a,,0,0700,0730,0,0
AK,03/01/2023,21,62,0,00000,0000,14 a,,0,1130,0100,0,0
AK,03/02/2015,38,120,120,,,central ave,10ft e/of slosson te,01/05/0001 12:00:00 PM,0800,0700,0,0
AK,03/02/2015,98,108,108,,,49 ave,,01/05/0001 12:00:00 PM,,,0,0
AK,03/02/2016,14,33,33,,,ft washington ave,30ft s/of w 168 st,0,,,0,0
AK,03/02/2016,20,1,1,,,spring st,10ft w/of wooster st,0,0800,0600,0,0
AK,03/02/2017,20,81,81,,,marion st,30ft e/of malcolm x,0,,,0,0
AK,03/02/2017,21,61,61,,,e 2 st,20ft s/of a u,0,1130,0100,0,0
AK,03/02/2018,38,109,109,,,roosevelt ct,,0,0900,0700,0,0
AK,03/02/2019,19,6,6,,,la guardia pl,,0,,,0,0
AK,03/02/2019,78,19,19,,,e 73 st,,0,0900,0500,0,0
AK,03/02/2020,10,13,13,,,1 ave,,0,,,0,0
AK,03/02/2020,21,40,40,,,courtlandt ave,,0,0900,1030,0,0
AK,03/02/2021,14,19,19,,,e 93 st,,0,0700,0600,0,0
AK,03/02/2022,14,18,18,,,e 53 st,,0,0700,0600,0,0
AK,03/02/2022,40,114,114,,,41 st,,0,,,0,5
AK,03/02/2023,21,90,90,,,grand st,,0,0900,1030,0,0
AK,03/02/2023,36,0,0,,,eb horace harding ex,pressway @ peck ave,0,,,2015,0
AK,03/02/2023,36,0,0,,,wb atlantic ave @ cl,ermont ave,0,,,2019,0
AK,03/03/2015,21,44,0,,,mt eden ave,,01/05/0001 12:00:00 PM,0800,0930,0,0
AK,03/03/2015,21,46,46,,,creston ave,,01/05/0001 12:00:00 PM,0900,1030,0,0
AK,03/03/2016,16,1,1,,,murray st,,0,0700,1000,0,0
AK,03/03/2016,21,83,83,,,suydam st,,0,0800,0930,0,0
AK,03/03/2016,46,28,28,,,w 113 st,,0,,,0,0
AK,03/03/2017,21,103,103,,,178 st,60ft s/of liberty av,0,0300,0600,0,0
AK,03/03/2017,21,61,61,,,w 8 st,,0,1130,0100,0,0
AK,03/03/2017,21,81,81,,,chauncey st,,0,0900,1030,0,0
AK,03/03/2017,21,94,94,,,n 12 st,,0,1200,0300,0,0
AK,03/03/2018,37,114,114,1036A,1036,steinway st,,0,0800,0700,0,0
AK,03/03/2018,38,103,103,,,hillside ave,,0,0830,0700,0,0
AK,03/03/2020,21,75,75,,,wortman ave,,0,1100,1230,0,0
AK,03/03/2021,36,0,0,,,nb pennsylvania ave,@ hornell loop,0,,,2003,0
AK,03/03/2021,36,0,0,,,sb nostrand ave @ ga,tes ave,0,,,2009,0
AK,03/03/2022,36,0,0,,,wb union trpk @ 213t,h st,0,,,2015,0
AK,03/03/2022,40,114,114,,,41 st,,0,,,0,0
AK,03/03/2023,98,43,43,,,gleason ave,,0,,,2017,0
AK,03/04/2015,20,61,61,,,ocean pky,,01/05/0001 12:00:00 PM,0800,0600,0,0
AK,03/04/2015,38,61,61,,,ocean pky,,01/05/0001 12:00:00 PM,0800,0700,0,0
AK,03/04/2016,14,83,83,,,moore st,65ft e/of bogart st,0,,,0,0
AK,03/04/2016,24,40,40,,,e 138 st,,0,0700,0400,0,0
AK,03/04/2017,20,10,10,,,9 ave,,0,,,0,0
AK,03/04/2017,38,103,103,,,165 st,,0,0900,0700,0,0
AK,03/04/2018,20,110,110,,,41 ave,,0,,,0,0
AK,03/04/2019,7,0,0,,,astoria blvd (w/b) @,94 st,0,,,2016,0
